{
  "Packages": [
    {
      "Package": {
        "Id": "BalaReva.PDF.Activities",
        "Version": "[2019.2.1]"
      },
      "Assemblies": []
    },
    {
      "Package": {
        "Id": "BalaReva.PowerPoint.Activities",
        "Version": "3.0.0"
      },
      "Assemblies": [
        "C:\\Users\\sunil\\.nuget\\packages\\balareva.powerpoint.activities/3.0.0\\lib/BalaReva.PowerPoint.Design.dll",
        "C:\\Users\\sunil\\.nuget\\packages\\balareva.powerpoint.activities/3.0.0\\lib/BalaReva.PowerPoint.dll",
        "C:\\Users\\sunil\\.nuget\\packages\\balareva.powerpoint.activities/3.0.0\\lib/BalaReva.Utilities.dll",
        "C:\\Users\\sunil\\.nuget\\packages\\microsoft.office.interop.powerpoint/15.0.4420.1017\\lib/net20/Microsoft.Office.Interop.PowerPoint.dll"
      ]
    },
    {
      "Package": {
        "Id": "PDF_Activities",
        "Version": "1.0.2"
      },
      "Assemblies": [
        "C:\\Users\\sunil\\.nuget\\packages\\itextsharp/5.5.13.1\\lib/itextsharp.dll",
        "C:\\Users\\sunil\\.nuget\\packages\\pdf_activities/1.0.2\\lib/pdfLibrary.dll"
      ]
    },
    {
      "Package": {
        "Id": "PowerPoint.Activities",
        "Version": "1.0.3"
      },
      "Assemblies": [
        "C:\\Users\\sunil\\.nuget\\packages\\microsoft.office.interop.powerpoint/15.0.4420.1017\\lib/net20/Microsoft.Office.Interop.PowerPoint.dll",
        "C:\\Users\\sunil\\.nuget\\packages\\powerpoint.activities/1.0.3\\lib/PowerPointCustomActivities.dll"
      ]
    },
    {
      "Package": {
        "Id": "Speech",
        "Version": "1.0.7"
      },
      "Assemblies": [
        "C:\\Users\\sunil\\.nuget\\packages\\speech/1.0.7\\lib/Text-To-Speech.dll"
      ]
    },
    {
      "Package": {
        "Id": "UiPath.Excel.Activities",
        "Version": "2.4.6884.25683"
      },
      "Assemblies": [
        "C:\\Users\\sunil\\.nuget\\packages\\closedxml/0.87.1\\lib/net40/ClosedXML.dll",
        "C:\\Users\\sunil\\.nuget\\packages\\csvhelper/2.13.5\\lib/net40-client/CsvHelper.dll",
        "C:\\Users\\sunil\\.nuget\\packages\\documentformat.openxml/2.5.0\\lib/DocumentFormat.OpenXml.dll",
        "C:\\Users\\sunil\\.nuget\\packages\\microsoft.visualstudio.ole.interop/7.10.6071\\lib/Microsoft.VisualStudio.OLE.Interop.dll",
        "C:\\Users\\sunil\\.nuget\\packages\\npoi/2.2.1\\lib/net40/NPOI.OOXML.dll",
        "C:\\Users\\sunil\\.nuget\\packages\\npoi/2.2.1\\lib/net40/NPOI.OpenXml4Net.dll",
        "C:\\Users\\sunil\\.nuget\\packages\\npoi/2.2.1\\lib/net40/NPOI.OpenXmlFormats.dll",
        "C:\\Users\\sunil\\.nuget\\packages\\npoi/2.2.1\\lib/net40/NPOI.dll",
        "C:\\Users\\sunil\\.nuget\\packages\\sharpziplib/0.86.0\\lib/20/ICSharpCode.SharpZipLib.dll",
        "C:\\Users\\sunil\\.nuget\\packages\\uipath.excel.activities/2.4.6884.25683\\lib/net452/UiPath.Excel.Activities.Design.dll",
        "C:\\Users\\sunil\\.nuget\\packages\\uipath.excel.activities/2.4.6884.25683\\lib/net452/UiPath.Excel.Activities.dll",
        "C:\\Users\\sunil\\.nuget\\packages\\uipath.excel.activities/2.4.6884.25683\\lib/net452/UiPath.Excel.dll"
      ]
    },
    {
      "Package": {
        "Id": "UiPath.GoogleSpeech.Activities",
        "Version": "0.1.6850.39757"
      },
      "Assemblies": [
        "C:\\Users\\sunil\\.nuget\\packages\\google.api.commonprotos/1.2.0\\lib/net45/Google.Api.CommonProtos.dll",
        "C:\\Users\\sunil\\.nuget\\packages\\google.api.gax/2.4.0\\lib/net45/Google.Api.Gax.dll",
        "C:\\Users\\sunil\\.nuget\\packages\\google.api.gax.grpc/2.4.0\\lib/net45/Google.Api.Gax.Grpc.dll",
        "C:\\Users\\sunil\\.nuget\\packages\\google.api.gax.rest/2.3.0\\lib/net45/Google.Api.Gax.Rest.dll",
        "C:\\Users\\sunil\\.nuget\\packages\\google.apis/1.38.0\\lib/net45/Google.Apis.PlatformServices.dll",
        "C:\\Users\\sunil\\.nuget\\packages\\google.apis/1.38.0\\lib/net45/Google.Apis.dll",
        "C:\\Users\\sunil\\.nuget\\packages\\google.apis.auth/1.38.0\\lib/net45/Google.Apis.Auth.PlatformServices.dll",
        "C:\\Users\\sunil\\.nuget\\packages\\google.apis.auth/1.38.0\\lib/net45/Google.Apis.Auth.dll",
        "C:\\Users\\sunil\\.nuget\\packages\\google.apis.core/1.38.0\\lib/net45/Google.Apis.Core.dll",
        "C:\\Users\\sunil\\.nuget\\packages\\google.apis.speech.v1beta1/1.34.0.1246\\lib/net45/Google.Apis.Speech.v1beta1.dll",
        "C:\\Users\\sunil\\.nuget\\packages\\google.cloud.speech.v1/1.0.1\\lib/net45/Google.Cloud.Speech.V1.dll",
        "C:\\Users\\sunil\\.nuget\\packages\\google.longrunning/1.0.0\\lib/net45/Google.LongRunning.dll",
        "C:\\Users\\sunil\\.nuget\\packages\\google.protobuf/3.5.1\\lib/net45/Google.Protobuf.dll",
        "C:\\Users\\sunil\\.nuget\\packages\\grpc.auth/1.12.0\\lib/net45/Grpc.Auth.dll",
        "C:\\Users\\sunil\\.nuget\\packages\\grpc.core/1.12.0\\lib/net45/Grpc.Core.dll",
        "C:\\Users\\sunil\\.nuget\\packages\\jh.google.cloud.texttospeech.v1/1.0.2\\lib/net45/Google.Cloud.TextToSpeech.V1.dll",
        "C:\\Users\\sunil\\.nuget\\packages\\naudio/1.8.4\\lib/net35/NAudio.dll",
        "C:\\Users\\sunil\\.nuget\\packages\\newtonsoft.json/10.0.3\\lib/net45/Newtonsoft.Json.dll",
        "C:\\Users\\sunil\\.nuget\\packages\\system.interactive.async/3.2.0\\lib/net46/System.Interactive.Async.dll",
        "C:\\Users\\sunil\\.nuget\\packages\\system.net.http/4.3.1\\lib/net46/System.Net.Http.dll",
        "C:\\Users\\sunil\\.nuget\\packages\\system.security.cryptography.algorithms/4.3.0\\lib/net461/System.Security.Cryptography.Algorithms.dll",
        "C:\\Users\\sunil\\.nuget\\packages\\system.security.cryptography.encoding/4.3.0\\lib/net46/System.Security.Cryptography.Encoding.dll",
        "C:\\Users\\sunil\\.nuget\\packages\\system.security.cryptography.primitives/4.3.0\\lib/net46/System.Security.Cryptography.Primitives.dll",
        "C:\\Users\\sunil\\.nuget\\packages\\system.security.cryptography.x509certificates/4.3.0\\lib/net461/System.Security.Cryptography.X509Certificates.dll",
        "C:\\Users\\sunil\\.nuget\\packages\\uipath.googlespeech.activities/0.1.6850.39757\\lib/net452/UiPath.GoogleSpeech.Activities.Design.dll",
        "C:\\Users\\sunil\\.nuget\\packages\\uipath.googlespeech.activities/0.1.6850.39757\\lib/net452/UiPath.GoogleSpeech.Activities.dll",
        "C:\\Users\\sunil\\.nuget\\packages\\uipath.googlespeech.activities/0.1.6850.39757\\lib/net452/UiPath.GoogleSpeech.dll"
      ]
    },
    {
      "Package": {
        "Id": "UiPath.GoogleVision.Activities",
        "Version": "1.1.0"
      },
      "Assemblies": [
        "C:\\Users\\sunil\\.nuget\\packages\\google.apis/1.38.0\\lib/net45/Google.Apis.PlatformServices.dll",
        "C:\\Users\\sunil\\.nuget\\packages\\google.apis/1.38.0\\lib/net45/Google.Apis.dll",
        "C:\\Users\\sunil\\.nuget\\packages\\google.apis.auth/1.38.0\\lib/net45/Google.Apis.Auth.PlatformServices.dll",
        "C:\\Users\\sunil\\.nuget\\packages\\google.apis.auth/1.38.0\\lib/net45/Google.Apis.Auth.dll",
        "C:\\Users\\sunil\\.nuget\\packages\\google.apis.core/1.38.0\\lib/net45/Google.Apis.Core.dll",
        "C:\\Users\\sunil\\.nuget\\packages\\google.apis.vision.v1/1.38.0.1495\\lib/net45/Google.Apis.Vision.v1.dll",
        "C:\\Users\\sunil\\.nuget\\packages\\newtonsoft.json/10.0.3\\lib/net45/Newtonsoft.Json.dll",
        "C:\\Users\\sunil\\.nuget\\packages\\uipath.googlevision.activities/1.1.0\\lib/net461/UiPath.GoogleVision.Activities.Design.dll",
        "C:\\Users\\sunil\\.nuget\\packages\\uipath.googlevision.activities/1.1.0\\lib/net461/UiPath.GoogleVision.Activities.dll",
        "C:\\Users\\sunil\\.nuget\\packages\\uipath.googlevision.activities/1.1.0\\lib/net461/UiPath.GoogleVision.dll"
      ]
    },
    {
      "Package": {
        "Id": "UiPath.Mail.Activities",
        "Version": "1.2.6863.29868"
      },
      "Assemblies": [
        "C:\\Users\\sunil\\.nuget\\packages\\bouncycastle/1.8.1\\lib/BouncyCastle.Crypto.dll",
        "C:\\Users\\sunil\\.nuget\\packages\\microsoft.exchange.webservices/2.2.0\\lib/40/Microsoft.Exchange.WebServices.Auth.dll",
        "C:\\Users\\sunil\\.nuget\\packages\\microsoft.exchange.webservices/2.2.0\\lib/40/Microsoft.Exchange.WebServices.dll",
        "C:\\Users\\sunil\\.nuget\\packages\\uipath.mail.activities/1.2.6863.29868\\lib/net40/MailKit.dll",
        "C:\\Users\\sunil\\.nuget\\packages\\uipath.mail.activities/1.2.6863.29868\\lib/net40/MimeKit.dll",
        "C:\\Users\\sunil\\.nuget\\packages\\uipath.mail.activities/1.2.6863.29868\\lib/net40/UiPath.Mail.Activities.Design.dll",
        "C:\\Users\\sunil\\.nuget\\packages\\uipath.mail.activities/1.2.6863.29868\\lib/net40/UiPath.Mail.Activities.dll",
        "C:\\Users\\sunil\\.nuget\\packages\\uipath.mail.activities/1.2.6863.29868\\lib/net40/UiPath.Mail.dll"
      ]
    },
    {
      "Package": {
        "Id": "UiPath.MicrosoftVision.Activities",
        "Version": "2.1.0"
      },
      "Assemblies": [
        "C:\\Users\\sunil\\.nuget\\packages\\microsoft.azure.cognitiveservices.vision.computervision/5.0.0\\lib/net452/Microsoft.Azure.CognitiveServices.Vision.ComputerVision.dll",
        "C:\\Users\\sunil\\.nuget\\packages\\microsoft.rest.clientruntime/2.3.20\\lib/net461/Microsoft.Rest.ClientRuntime.dll",
        "C:\\Users\\sunil\\.nuget\\packages\\microsoft.rest.clientruntime.azure/3.3.19\\lib/net461/Microsoft.Rest.ClientRuntime.Azure.dll",
        "C:\\Users\\sunil\\.nuget\\packages\\newtonsoft.json/10.0.3\\lib/net45/Newtonsoft.Json.dll",
        "C:\\Users\\sunil\\.nuget\\packages\\uipath.microsoftvision.activities/2.1.0\\lib/net461/UiPath.MicrosoftVision.Activities.Design.dll",
        "C:\\Users\\sunil\\.nuget\\packages\\uipath.microsoftvision.activities/2.1.0\\lib/net461/UiPath.MicrosoftVision.Activities.dll",
        "C:\\Users\\sunil\\.nuget\\packages\\uipath.microsoftvision.activities/2.1.0\\lib/net461/UiPath.MicrosoftVision.dll"
      ]
    },
    {
      "Package": {
        "Id": "UiPath.PDF.Activities",
        "Version": "3.1.0"
      },
      "Assemblies": [
        "C:\\Users\\sunil\\.nuget\\packages\\bitmiracle.docotic.pdf/5.10.9957\\lib/net40/BitMiracle.Docotic.Pdf.dll",
        "C:\\Users\\sunil\\.nuget\\packages\\system.valuetuple/4.5.0\\lib/net461/System.ValueTuple.dll",
        "C:\\Users\\sunil\\.nuget\\packages\\uipath.ocr.contracts/2.2.1\\lib/net45/UiPath.OCR.Contracts.dll",
        "C:\\Users\\sunil\\.nuget\\packages\\uipath.pdf.activities/3.1.0\\lib/net461/UiPath.PDF.Activities.Design.dll",
        "C:\\Users\\sunil\\.nuget\\packages\\uipath.pdf.activities/3.1.0\\lib/net461/UiPath.PDF.Activities.dll",
        "C:\\Users\\sunil\\.nuget\\packages\\uipath.pdf.activities/3.1.0\\lib/net461/UiPath.PDF.dll"
      ]
    },
    {
      "Package": {
        "Id": "UiPath.Python.Activities",
        "Version": "1.1.6863.33404"
      },
      "Assemblies": [
        "C:\\Users\\sunil\\.nuget\\packages\\uipath.python.activities/1.1.6863.33404\\lib/net452/UiPath.Python.Activities.Design.dll",
        "C:\\Users\\sunil\\.nuget\\packages\\uipath.python.activities/1.1.6863.33404\\lib/net452/UiPath.Python.Activities.dll",
        "C:\\Users\\sunil\\.nuget\\packages\\uipath.python.activities/1.1.6863.33404\\lib/net452/UiPath.Python.dll",
        "C:\\Users\\sunil\\.nuget\\packages\\uipath.python.activities/1.1.6863.33404\\lib/net452/x64/Python.Runtime.35.dll",
        "C:\\Users\\sunil\\.nuget\\packages\\uipath.python.activities/1.1.6863.33404\\lib/net452/x64/Python.Runtime.36.dll",
        "C:\\Users\\sunil\\.nuget\\packages\\uipath.python.activities/1.1.6863.33404\\lib/net452/x86/Python.Runtime.27.dll",
        "C:\\Users\\sunil\\.nuget\\packages\\uipath.python.activities/1.1.6863.33404\\lib/net452/x86/Python.Runtime.33.dll",
        "C:\\Users\\sunil\\.nuget\\packages\\uipath.python.activities/1.1.6863.33404\\lib/net452/x86/Python.Runtime.34.dll",
        "C:\\Users\\sunil\\.nuget\\packages\\uipath.python.activities/1.1.6863.33404\\lib/net452/x86/Python.Runtime.35.dll",
        "C:\\Users\\sunil\\.nuget\\packages\\uipath.python.activities/1.1.6863.33404\\lib/net452/x86/Python.Runtime.36.dll"
      ]
    },
    {
      "Package": {
        "Id": "UiPath.System.Activities",
        "Version": "18.4.1"
      },
      "Assemblies": [
        "C:\\Users\\sunil\\.nuget\\packages\\csvhelper/2.13.5\\lib/net40-client/CsvHelper.dll",
        "C:\\Users\\sunil\\.nuget\\packages\\microsoft.rest.clientruntime/2.3.20\\lib/net461/Microsoft.Rest.ClientRuntime.dll",
        "C:\\Users\\sunil\\.nuget\\packages\\newtonsoft.json/10.0.3\\lib/net45/Newtonsoft.Json.dll",
        "C:\\Users\\sunil\\.nuget\\packages\\uipath.system.activities/18.4.1\\lib/net461/ActiproSoftware.Docking.Wpf.dll",
        "C:\\Users\\sunil\\.nuget\\packages\\uipath.system.activities/18.4.1\\lib/net461/ActiproSoftware.Ribbon.Wpf.dll",
        "C:\\Users\\sunil\\.nuget\\packages\\uipath.system.activities/18.4.1\\lib/net461/ActiproSoftware.Shared.Wpf.dll",
        "C:\\Users\\sunil\\.nuget\\packages\\uipath.system.activities/18.4.1\\lib/net461/ActiproSoftware.SyntaxEditor.Addons.DotNet.Wpf.dll",
        "C:\\Users\\sunil\\.nuget\\packages\\uipath.system.activities/18.4.1\\lib/net461/ActiproSoftware.SyntaxEditor.Wpf.dll",
        "C:\\Users\\sunil\\.nuget\\packages\\uipath.system.activities/18.4.1\\lib/net461/ActiproSoftware.Text.Addons.DotNet.Wpf.dll",
        "C:\\Users\\sunil\\.nuget\\packages\\uipath.system.activities/18.4.1\\lib/net461/ActiproSoftware.Text.LLParser.Wpf.dll",
        "C:\\Users\\sunil\\.nuget\\packages\\uipath.system.activities/18.4.1\\lib/net461/ActiproSoftware.Text.Wpf.dll",
        "C:\\Users\\sunil\\.nuget\\packages\\uipath.system.activities/18.4.1\\lib/net461/ActiproSoftware.Wizard.Wpf.dll",
        "C:\\Users\\sunil\\.nuget\\packages\\uipath.system.activities/18.4.1\\lib/net461/UiPath.OrchestratorClient.dll",
        "C:\\Users\\sunil\\.nuget\\packages\\uipath.system.activities/18.4.1\\lib/net461/UiPath.System.Activities.Design.dll",
        "C:\\Users\\sunil\\.nuget\\packages\\uipath.system.activities/18.4.1\\lib/net461/UiPath.System.Activities.dll"
      ]
    },
    {
      "Package": {
        "Id": "UiPath.UIAutomation.Activities",
        "Version": "18.4.1"
      },
      "Assemblies": [
        "C:\\Users\\sunil\\.nuget\\packages\\avalonedit/5.0.3\\lib/Net40/ICSharpCode.AvalonEdit.dll",
        "C:\\Users\\sunil\\.nuget\\packages\\caliburn.micro/3.0.1\\lib/net45/Caliburn.Micro.Platform.Core.dll",
        "C:\\Users\\sunil\\.nuget\\packages\\caliburn.micro/3.0.1\\lib/net45/Caliburn.Micro.Platform.dll",
        "C:\\Users\\sunil\\.nuget\\packages\\caliburn.micro/3.0.1\\lib/net45/System.Windows.Interactivity.dll",
        "C:\\Users\\sunil\\.nuget\\packages\\caliburn.micro.core/3.0.1\\lib/net45/Caliburn.Micro.dll",
        "C:\\Users\\sunil\\.nuget\\packages\\extended.wpf.toolkit/2.8.0\\lib/net40/Xceed.Wpf.AvalonDock.Themes.Aero.dll",
        "C:\\Users\\sunil\\.nuget\\packages\\extended.wpf.toolkit/2.8.0\\lib/net40/Xceed.Wpf.AvalonDock.Themes.Metro.dll",
        "C:\\Users\\sunil\\.nuget\\packages\\extended.wpf.toolkit/2.8.0\\lib/net40/Xceed.Wpf.AvalonDock.Themes.VS2010.dll",
        "C:\\Users\\sunil\\.nuget\\packages\\extended.wpf.toolkit/2.8.0\\lib/net40/Xceed.Wpf.AvalonDock.dll",
        "C:\\Users\\sunil\\.nuget\\packages\\extended.wpf.toolkit/2.8.0\\lib/net40/Xceed.Wpf.DataGrid.dll",
        "C:\\Users\\sunil\\.nuget\\packages\\extended.wpf.toolkit/2.8.0\\lib/net40/Xceed.Wpf.Toolkit.dll",
        "C:\\Users\\sunil\\.nuget\\packages\\humanizer.core/2.4.2\\lib/netstandard2.0/Humanizer.dll",
        "C:\\Users\\sunil\\.nuget\\packages\\uipath/10.0.6913.22031\\lib/UiPath.Interop.dll",
        "C:\\Users\\sunil\\.nuget\\packages\\uipath.ocr.contracts/2.2.1\\lib/net45/UiPath.OCR.Contracts.dll",
        "C:\\Users\\sunil\\.nuget\\packages\\uipath.uiautomation.activities/18.4.1\\lib/net461/ActiproSoftware.Docking.Wpf.dll",
        "C:\\Users\\sunil\\.nuget\\packages\\uipath.uiautomation.activities/18.4.1\\lib/net461/ActiproSoftware.Editors.Wpf.dll",
        "C:\\Users\\sunil\\.nuget\\packages\\uipath.uiautomation.activities/18.4.1\\lib/net461/ActiproSoftware.Ribbon.Wpf.dll",
        "C:\\Users\\sunil\\.nuget\\packages\\uipath.uiautomation.activities/18.4.1\\lib/net461/ActiproSoftware.Shared.Wpf.dll",
        "C:\\Users\\sunil\\.nuget\\packages\\uipath.uiautomation.activities/18.4.1\\lib/net461/ActiproSoftware.SyntaxEditor.Addons.DotNet.Wpf.dll",
        "C:\\Users\\sunil\\.nuget\\packages\\uipath.uiautomation.activities/18.4.1\\lib/net461/ActiproSoftware.SyntaxEditor.Wpf.dll",
        "C:\\Users\\sunil\\.nuget\\packages\\uipath.uiautomation.activities/18.4.1\\lib/net461/ActiproSoftware.Text.Addons.DotNet.Wpf.dll",
        "C:\\Users\\sunil\\.nuget\\packages\\uipath.uiautomation.activities/18.4.1\\lib/net461/ActiproSoftware.Text.LLParser.Wpf.dll",
        "C:\\Users\\sunil\\.nuget\\packages\\uipath.uiautomation.activities/18.4.1\\lib/net461/ActiproSoftware.Text.Wpf.dll",
        "C:\\Users\\sunil\\.nuget\\packages\\uipath.uiautomation.activities/18.4.1\\lib/net461/ActiproSoftware.Wizard.Wpf.dll",
        "C:\\Users\\sunil\\.nuget\\packages\\uipath.uiautomation.activities/18.4.1\\lib/net461/UiPath.UIAutomation.Activities.Design.dll",
        "C:\\Users\\sunil\\.nuget\\packages\\uipath.uiautomation.activities/18.4.1\\lib/net461/UiPath.UiAutomation.Activities.dll",
        "C:\\Users\\sunil\\.nuget\\packages\\uipath.uiautomation.activities/18.4.1\\lib/net461/UiPath.Wizards.dll",
        "C:\\Users\\sunil\\.nuget\\packages\\uipath.vision/1.8.1\\lib/net452/UiPath.Vision.AbbyyCloud.dll",
        "C:\\Users\\sunil\\.nuget\\packages\\uipath.vision/1.8.1\\lib/net452/UiPath.Vision.AbbyyFRE11.dll",
        "C:\\Users\\sunil\\.nuget\\packages\\uipath.vision/1.8.1\\lib/net452/UiPath.Vision.AbbyyFRE12.dll",
        "C:\\Users\\sunil\\.nuget\\packages\\uipath.vision/1.8.1\\lib/net452/UiPath.Vision.AbbyyFRECommon.dll",
        "C:\\Users\\sunil\\.nuget\\packages\\uipath.vision/1.8.1\\lib/net452/UiPath.Vision.AzureComputerVision.dll",
        "C:\\Users\\sunil\\.nuget\\packages\\uipath.vision/1.8.1\\lib/net452/UiPath.Vision.Core.dll",
        "C:\\Users\\sunil\\.nuget\\packages\\uipath.vision/1.8.1\\lib/net452/UiPath.Vision.GoogleCloud.dll",
        "C:\\Users\\sunil\\.nuget\\packages\\uipath.vision/1.8.1\\lib/net452/UiPath.Vision.Microsoft.dll",
        "C:\\Users\\sunil\\.nuget\\packages\\uipath.vision/1.8.1\\lib/net452/UiPath.Vision.MicrosoftCloud.dll",
        "C:\\Users\\sunil\\.nuget\\packages\\uipath.vision/1.8.1\\lib/net452/UiPath.Vision.Tesseract.dll",
        "C:\\Users\\sunil\\.nuget\\packages\\uipath.vision/1.8.1\\lib/net452/UiPath.Vision.dll"
      ]
    },
    {
      "Package": {
        "Id": "UiPath.Vision",
        "Version": "1.8.1"
      },
      "Assemblies": [
        "C:\\Users\\sunil\\.nuget\\packages\\uipath.ocr.contracts/2.2.1\\lib/net45/UiPath.OCR.Contracts.dll",
        "C:\\Users\\sunil\\.nuget\\packages\\uipath.vision/1.8.1\\lib/net452/UiPath.Vision.AbbyyCloud.dll",
        "C:\\Users\\sunil\\.nuget\\packages\\uipath.vision/1.8.1\\lib/net452/UiPath.Vision.AbbyyFRE11.dll",
        "C:\\Users\\sunil\\.nuget\\packages\\uipath.vision/1.8.1\\lib/net452/UiPath.Vision.AbbyyFRE12.dll",
        "C:\\Users\\sunil\\.nuget\\packages\\uipath.vision/1.8.1\\lib/net452/UiPath.Vision.AbbyyFRECommon.dll",
        "C:\\Users\\sunil\\.nuget\\packages\\uipath.vision/1.8.1\\lib/net452/UiPath.Vision.AzureComputerVision.dll",
        "C:\\Users\\sunil\\.nuget\\packages\\uipath.vision/1.8.1\\lib/net452/UiPath.Vision.Core.dll",
        "C:\\Users\\sunil\\.nuget\\packages\\uipath.vision/1.8.1\\lib/net452/UiPath.Vision.GoogleCloud.dll",
        "C:\\Users\\sunil\\.nuget\\packages\\uipath.vision/1.8.1\\lib/net452/UiPath.Vision.Microsoft.dll",
        "C:\\Users\\sunil\\.nuget\\packages\\uipath.vision/1.8.1\\lib/net452/UiPath.Vision.MicrosoftCloud.dll",
        "C:\\Users\\sunil\\.nuget\\packages\\uipath.vision/1.8.1\\lib/net452/UiPath.Vision.Tesseract.dll",
        "C:\\Users\\sunil\\.nuget\\packages\\uipath.vision/1.8.1\\lib/net452/UiPath.Vision.dll"
      ]
    },
    {
      "Package": {
        "Id": "UiPathTeam.PDF.Extensions.Activities",
        "Version": "2.4.0"
      },
      "Assemblies": [
        "C:\\Users\\sunil\\.nuget\\packages\\pdfsharp/1.50.5147\\lib/net20/PdfSharp.Charting.dll",
        "C:\\Users\\sunil\\.nuget\\packages\\pdfsharp/1.50.5147\\lib/net20/PdfSharp.dll",
        "C:\\Users\\sunil\\.nuget\\packages\\uipathteam.pdf.extensions.activities/2.4.0\\lib/net461/UiPathTeam.PDF.Extensions.Activities.dll"
      ]
    },
    {
      "Package": {
        "Id": "UiPathTeam.SharePoint.Activities",
        "Version": "1.3.0"
      },
      "Assemblies": [
        "C:\\Users\\sunil\\.nuget\\packages\\microsoft.sharepoint2016.csom/16.0.4351.1000\\lib/net45/Microsoft.Office.Client.Policy.dll",
        "C:\\Users\\sunil\\.nuget\\packages\\microsoft.sharepoint2016.csom/16.0.4351.1000\\lib/net45/Microsoft.Office.Client.TranslationServices.dll",
        "C:\\Users\\sunil\\.nuget\\packages\\microsoft.sharepoint2016.csom/16.0.4351.1000\\lib/net45/Microsoft.Online.SharePoint.Client.Tenant.dll",
        "C:\\Users\\sunil\\.nuget\\packages\\microsoft.sharepoint2016.csom/16.0.4351.1000\\lib/net45/Microsoft.SharePoint.Client.DocumentManagement.dll",
        "C:\\Users\\sunil\\.nuget\\packages\\microsoft.sharepoint2016.csom/16.0.4351.1000\\lib/net45/Microsoft.SharePoint.Client.Publishing.dll",
        "C:\\Users\\sunil\\.nuget\\packages\\microsoft.sharepoint2016.csom/16.0.4351.1000\\lib/net45/Microsoft.SharePoint.Client.Runtime.dll",
        "C:\\Users\\sunil\\.nuget\\packages\\microsoft.sharepoint2016.csom/16.0.4351.1000\\lib/net45/Microsoft.SharePoint.Client.Search.Applications.dll",
        "C:\\Users\\sunil\\.nuget\\packages\\microsoft.sharepoint2016.csom/16.0.4351.1000\\lib/net45/Microsoft.SharePoint.Client.Search.dll",
        "C:\\Users\\sunil\\.nuget\\packages\\microsoft.sharepoint2016.csom/16.0.4351.1000\\lib/net45/Microsoft.SharePoint.Client.Taxonomy.dll",
        "C:\\Users\\sunil\\.nuget\\packages\\microsoft.sharepoint2016.csom/16.0.4351.1000\\lib/net45/Microsoft.SharePoint.Client.UserProfiles.dll",
        "C:\\Users\\sunil\\.nuget\\packages\\microsoft.sharepoint2016.csom/16.0.4351.1000\\lib/net45/Microsoft.SharePoint.Client.WorkflowServices.dll",
        "C:\\Users\\sunil\\.nuget\\packages\\microsoft.sharepoint2016.csom/16.0.4351.1000\\lib/net45/Microsoft.SharePoint.Client.dll",
        "C:\\Users\\sunil\\.nuget\\packages\\uipathteam.sharepoint.activities/1.3.0\\lib/net461/UiPathTeam.SharePoint.Activities.Design.dll",
        "C:\\Users\\sunil\\.nuget\\packages\\uipathteam.sharepoint.activities/1.3.0\\lib/net461/UiPathTeam.SharePoint.Activities.dll",
        "C:\\Users\\sunil\\.nuget\\packages\\uipathteam.sharepoint.activities/1.3.0\\lib/net461/UiPathTeam.SharePoint.dll"
      ]
    }
  ],
  "Conflicts": [],
  "ResolvedDependencies": {
    "AvalonEdit": {
      "Id": "AvalonEdit",
      "Version": "5.0.3",
      "Dependencies": []
    },
    "BalaReva.Pdf.Activities": {
      "Id": "BalaReva.Pdf.Activities",
      "Version": "2019.2.1",
      "Dependencies": [
        {
          "Item1": "iTextSharp",
          "Item2": "[5.5.13.1, )"
        }
      ]
    },
    "BalaReva.PowerPoint.Activities": {
      "Id": "BalaReva.PowerPoint.Activities",
      "Version": "3.0.0",
      "Dependencies": [
        {
          "Item1": "Microsoft.Office.Interop.PowerPoint",
          "Item2": "[15.0.4420.1017, )"
        }
      ]
    },
    "BitMiracle.Docotic.Pdf": {
      "Id": "BitMiracle.Docotic.Pdf",
      "Version": "5.10.9957",
      "Dependencies": []
    },
    "BouncyCastle": {
      "Id": "BouncyCastle",
      "Version": "1.8.1",
      "Dependencies": []
    },
    "Caliburn.Micro": {
      "Id": "Caliburn.Micro",
      "Version": "3.0.1",
      "Dependencies": [
        {
          "Item1": "Caliburn.Micro.Core",
          "Item2": "[3.0.1, 3.0.1]"
        }
      ]
    },
    "Caliburn.Micro.Core": {
      "Id": "Caliburn.Micro.Core",
      "Version": "3.0.1",
      "Dependencies": []
    },
    "ClosedXML": {
      "Id": "ClosedXML",
      "Version": "0.87.1",
      "Dependencies": [
        {
          "Item1": "DocumentFormat.OpenXml",
          "Item2": "[2.5.0, )"
        }
      ]
    },
    "CsvHelper": {
      "Id": "CsvHelper",
      "Version": "2.13.5",
      "Dependencies": []
    },
    "DocumentFormat.OpenXml": {
      "Id": "DocumentFormat.OpenXml",
      "Version": "2.5.0",
      "Dependencies": []
    },
    "Extended.Wpf.Toolkit": {
      "Id": "Extended.Wpf.Toolkit",
      "Version": "2.8.0",
      "Dependencies": []
    },
    "Google.Api.CommonProtos": {
      "Id": "Google.Api.CommonProtos",
      "Version": "1.2.0",
      "Dependencies": [
        {
          "Item1": "Google.Protobuf",
          "Item2": "[3.5.1, )"
        }
      ]
    },
    "Google.Api.Gax": {
      "Id": "Google.Api.Gax",
      "Version": "2.4.0",
      "Dependencies": [
        {
          "Item1": "Newtonsoft.Json",
          "Item2": "[10.0.2, )"
        },
        {
          "Item1": "System.Interactive.Async",
          "Item2": "[3.1.1, )"
        },
        {
          "Item1": "System.Net.Http",
          "Item2": "[4.1.1, )"
        }
      ]
    },
    "Google.Api.Gax.Grpc": {
      "Id": "Google.Api.Gax.Grpc",
      "Version": "2.4.0",
      "Dependencies": [
        {
          "Item1": "Google.Api.CommonProtos",
          "Item2": "[1.2.0, )"
        },
        {
          "Item1": "Google.Api.Gax",
          "Item2": "[2.4.0, )"
        },
        {
          "Item1": "Google.Apis.Auth",
          "Item2": "[1.34.0, )"
        },
        {
          "Item1": "Grpc.Auth",
          "Item2": "[1.12.0, )"
        },
        {
          "Item1": "Grpc.Core",
          "Item2": "[1.12.0, )"
        }
      ]
    },
    "Google.Api.Gax.Rest": {
      "Id": "Google.Api.Gax.Rest",
      "Version": "2.3.0",
      "Dependencies": [
        {
          "Item1": "Google.Api.Gax",
          "Item2": "[2.3.0, )"
        },
        {
          "Item1": "Google.Apis.Auth",
          "Item2": "[1.32.2, )"
        }
      ]
    },
    "Google.Apis": {
      "Id": "Google.Apis",
      "Version": "1.38.0",
      "Dependencies": [
        {
          "Item1": "Google.Apis.Core",
          "Item2": "[1.38.0, )"
        },
        {
          "Item1": "Newtonsoft.Json",
          "Item2": "[10.0.2, )"
        }
      ]
    },
    "Google.Apis.Auth": {
      "Id": "Google.Apis.Auth",
      "Version": "1.38.0",
      "Dependencies": [
        {
          "Item1": "Google.Apis.Core",
          "Item2": "[1.38.0, )"
        },
        {
          "Item1": "Google.Apis",
          "Item2": "[1.38.0, )"
        }
      ]
    },
    "Google.Apis.Core": {
      "Id": "Google.Apis.Core",
      "Version": "1.38.0",
      "Dependencies": [
        {
          "Item1": "Newtonsoft.Json",
          "Item2": "[10.0.2, )"
        }
      ]
    },
    "Google.Apis.Speech.v1beta1": {
      "Id": "Google.Apis.Speech.v1beta1",
      "Version": "1.34.0.1246",
      "Dependencies": [
        {
          "Item1": "Google.Apis",
          "Item2": "[1.34.0, )"
        },
        {
          "Item1": "Google.Apis.Auth",
          "Item2": "[1.34.0, )"
        }
      ]
    },
    "Google.Apis.Vision.v1": {
      "Id": "Google.Apis.Vision.v1",
      "Version": "1.38.0.1495",
      "Dependencies": [
        {
          "Item1": "Google.Apis",
          "Item2": "[1.38.0, )"
        },
        {
          "Item1": "Google.Apis.Auth",
          "Item2": "[1.38.0, )"
        }
      ]
    },
    "Google.Cloud.Speech.V1": {
      "Id": "Google.Cloud.Speech.V1",
      "Version": "1.0.1",
      "Dependencies": [
        {
          "Item1": "Google.Api.Gax.Grpc",
          "Item2": "[2.1.0, )"
        },
        {
          "Item1": "Google.LongRunning",
          "Item2": "[1.0.0, )"
        },
        {
          "Item1": "Grpc.Core",
          "Item2": "[1.6.1, )"
        }
      ]
    },
    "Google.LongRunning": {
      "Id": "Google.LongRunning",
      "Version": "1.0.0",
      "Dependencies": [
        {
          "Item1": "Google.Api.Gax.Grpc",
          "Item2": "[2.1.0, )"
        },
        {
          "Item1": "Google.Protobuf",
          "Item2": "[3.4.1, )"
        },
        {
          "Item1": "Grpc.Core",
          "Item2": "[1.6.1, )"
        }
      ]
    },
    "Google.Protobuf": {
      "Id": "Google.Protobuf",
      "Version": "3.5.1",
      "Dependencies": []
    },
    "Grpc.Auth": {
      "Id": "Grpc.Auth",
      "Version": "1.12.0",
      "Dependencies": [
        {
          "Item1": "Grpc.Core",
          "Item2": "[1.12.0, )"
        },
        {
          "Item1": "Google.Apis.Auth",
          "Item2": "[1.21.0, )"
        }
      ]
    },
    "Grpc.Core": {
      "Id": "Grpc.Core",
      "Version": "1.12.0",
      "Dependencies": [
        {
          "Item1": "System.Interactive.Async",
          "Item2": "[3.1.1, )"
        }
      ]
    },
    "Humanizer.Core": {
      "Id": "Humanizer.Core",
      "Version": "2.4.2",
      "Dependencies": []
    },
    "iTextSharp": {
      "Id": "iTextSharp",
      "Version": "5.5.13.1",
      "Dependencies": []
    },
    "JH.Google.Cloud.TextToSpeech.V1": {
      "Id": "JH.Google.Cloud.TextToSpeech.V1",
      "Version": "1.0.2",
      "Dependencies": [
        {
          "Item1": "Google.Apis",
          "Item2": "[1.33.0, )"
        },
        {
          "Item1": "Google.Api.Gax",
          "Item2": "[2.3.0, )"
        },
        {
          "Item1": "Google.Api.Gax.Rest",
          "Item2": "[2.3.0, )"
        }
      ]
    },
    "Microsoft.Azure.CognitiveServices.Vision.ComputerVision": {
      "Id": "Microsoft.Azure.CognitiveServices.Vision.ComputerVision",
      "Version": "5.0.0",
      "Dependencies": [
        {
          "Item1": "Microsoft.Rest.ClientRuntime",
          "Item2": "[2.3.18, 3.0.0)"
        },
        {
          "Item1": "Microsoft.Rest.ClientRuntime.Azure",
          "Item2": "[3.3.18, 4.0.0)"
        },
        {
          "Item1": "Newtonsoft.Json",
          "Item2": "[6.0.8, )"
        }
      ]
    },
    "Microsoft.Exchange.WebServices": {
      "Id": "Microsoft.Exchange.WebServices",
      "Version": "2.2.0",
      "Dependencies": []
    },
    "Microsoft.Office.Core": {
      "Id": "Microsoft.Office.Core",
      "Version": "12.0.0",
      "Dependencies": []
    },
    "Microsoft.Office.Interop.PowerPoint": {
      "Id": "Microsoft.Office.Interop.PowerPoint",
      "Version": "15.0.4420.1017",
      "Dependencies": []
    },
    "Microsoft.Rest.ClientRuntime": {
      "Id": "Microsoft.Rest.ClientRuntime",
      "Version": "2.3.20",
      "Dependencies": [
        {
          "Item1": "Newtonsoft.Json",
          "Item2": "[10.0.3, )"
        }
      ]
    },
    "Microsoft.Rest.ClientRuntime.Azure": {
      "Id": "Microsoft.Rest.ClientRuntime.Azure",
      "Version": "3.3.19",
      "Dependencies": [
        {
          "Item1": "Microsoft.Rest.ClientRuntime",
          "Item2": "[2.3.19, 3.0.0)"
        },
        {
          "Item1": "Newtonsoft.Json",
          "Item2": "[10.0.3, )"
        }
      ]
    },
    "Microsoft.SharePoint2016.CSOM": {
      "Id": "Microsoft.SharePoint2016.CSOM",
      "Version": "16.0.4351.1000",
      "Dependencies": []
    },
    "Microsoft.VisualStudio.OLE.Interop": {
      "Id": "Microsoft.VisualStudio.OLE.Interop",
      "Version": "7.10.6071",
      "Dependencies": []
    },
    "NAudio": {
      "Id": "NAudio",
      "Version": "1.8.4",
      "Dependencies": []
    },
    "Newtonsoft.Json": {
      "Id": "Newtonsoft.Json",
      "Version": "10.0.3",
      "Dependencies": []
    },
    "NPOI": {
      "Id": "NPOI",
      "Version": "2.2.1",
      "Dependencies": [
        {
          "Item1": "SharpZipLib",
          "Item2": "[0.86.0, )"
        }
      ]
    },
    "PDFsharp": {
      "Id": "PDFsharp",
      "Version": "1.50.5147",
      "Dependencies": []
    },
    "PDF_Activities": {
      "Id": "PDF_Activities",
      "Version": "1.0.2",
      "Dependencies": [
        {
          "Item1": "iTextSharp",
          "Item2": "[5.5.13, )"
        }
      ]
    },
    "PowerPoint.Activities": {
      "Id": "PowerPoint.Activities",
      "Version": "1.0.3",
      "Dependencies": [
        {
          "Item1": "System.Runtime.InteropServices",
          "Item2": "[4.3.0, )"
        },
        {
          "Item1": "Microsoft.Office.Interop.PowerPoint",
          "Item2": "[12.0.4518.1014, )"
        },
        {
          "Item1": "Microsoft.Office.Core",
          "Item2": "[12.0.0, )"
        }
      ]
    },
    "SharpZipLib": {
      "Id": "SharpZipLib",
      "Version": "0.86.0",
      "Dependencies": []
    },
    "Speech": {
      "Id": "Speech",
      "Version": "1.0.7",
      "Dependencies": []
    },
    "System.Interactive.Async": {
      "Id": "System.Interactive.Async",
      "Version": "3.2.0",
      "Dependencies": []
    },
    "System.Net.Http": {
      "Id": "System.Net.Http",
      "Version": "4.3.1",
      "Dependencies": [
        {
          "Item1": "System.Security.Cryptography.X509Certificates",
          "Item2": "[4.3.0, )"
        }
      ]
    },
    "System.Runtime.InteropServices": {
      "Id": "System.Runtime.InteropServices",
      "Version": "4.3.0",
      "Dependencies": []
    },
    "System.Security.Cryptography.Algorithms": {
      "Id": "System.Security.Cryptography.Algorithms",
      "Version": "4.3.0",
      "Dependencies": [
        {
          "Item1": "System.Security.Cryptography.Primitives",
          "Item2": "[4.3.0, )"
        }
      ]
    },
    "System.Security.Cryptography.Encoding": {
      "Id": "System.Security.Cryptography.Encoding",
      "Version": "4.3.0",
      "Dependencies": []
    },
    "System.Security.Cryptography.Primitives": {
      "Id": "System.Security.Cryptography.Primitives",
      "Version": "4.3.0",
      "Dependencies": []
    },
    "System.Security.Cryptography.X509Certificates": {
      "Id": "System.Security.Cryptography.X509Certificates",
      "Version": "4.3.0",
      "Dependencies": [
        {
          "Item1": "System.Security.Cryptography.Algorithms",
          "Item2": "[4.3.0, )"
        },
        {
          "Item1": "System.Security.Cryptography.Encoding",
          "Item2": "[4.3.0, )"
        }
      ]
    },
    "System.ValueTuple": {
      "Id": "System.ValueTuple",
      "Version": "4.5.0",
      "Dependencies": []
    },
    "UiPath": {
      "Id": "UiPath",
      "Version": "10.0.6913.22031",
      "Dependencies": []
    },
    "UiPath.Excel.Activities": {
      "Id": "UiPath.Excel.Activities",
      "Version": "2.4.6884.25683",
      "Dependencies": [
        {
          "Item1": "ClosedXML",
          "Item2": "[0.87.1, )"
        },
        {
          "Item1": "CsvHelper",
          "Item2": "[2.13.5, )"
        },
        {
          "Item1": "DocumentFormat.OpenXml",
          "Item2": "[2.5.0, )"
        },
        {
          "Item1": "Microsoft.VisualStudio.OLE.Interop",
          "Item2": "[7.10.6071, )"
        },
        {
          "Item1": "NPOI",
          "Item2": "[2.2.1, )"
        }
      ]
    },
    "UiPath.GoogleSpeech.Activities": {
      "Id": "UiPath.GoogleSpeech.Activities",
      "Version": "0.1.6850.39757",
      "Dependencies": [
        {
          "Item1": "System.Interactive.Async",
          "Item2": "[3.2.0, )"
        },
        {
          "Item1": "Google.Api.Gax",
          "Item2": "[2.4.0, )"
        },
        {
          "Item1": "Google.Api.Gax.Grpc",
          "Item2": "[2.4.0, )"
        },
        {
          "Item1": "Google.Apis",
          "Item2": "[1.34.0, )"
        },
        {
          "Item1": "Google.Apis.Auth",
          "Item2": "[1.34.0, )"
        },
        {
          "Item1": "Google.Apis.Speech.v1beta1",
          "Item2": "[1.34.0.1246, )"
        },
        {
          "Item1": "Google.Cloud.Speech.V1",
          "Item2": "[1.0.1, )"
        },
        {
          "Item1": "Google.Protobuf",
          "Item2": "[3.5.1, )"
        },
        {
          "Item1": "Grpc.Core",
          "Item2": "[1.12.0, )"
        },
        {
          "Item1": "JH.Google.Cloud.TextToSpeech.V1",
          "Item2": "[1.0.2, )"
        },
        {
          "Item1": "NAudio",
          "Item2": "[1.8.4, )"
        },
        {
          "Item1": "System.Net.Http",
          "Item2": "[4.3.1, )"
        }
      ]
    },
    "UiPath.GoogleVision.Activities": {
      "Id": "UiPath.GoogleVision.Activities",
      "Version": "1.1.0",
      "Dependencies": [
        {
          "Item1": "Google.Apis",
          "Item2": "[1.38.0, )"
        },
        {
          "Item1": "Google.Apis.Auth",
          "Item2": "[1.38.0, )"
        },
        {
          "Item1": "Google.Apis.Vision.v1",
          "Item2": "[1.38.0.1495, )"
        },
        {
          "Item1": "Newtonsoft.Json",
          "Item2": "[10.0.3, )"
        }
      ]
    },
    "UiPath.Mail.Activities": {
      "Id": "UiPath.Mail.Activities",
      "Version": "1.2.6863.29868",
      "Dependencies": [
        {
          "Item1": "Microsoft.Exchange.WebServices",
          "Item2": "[2.2.0, )"
        },
        {
          "Item1": "BouncyCastle",
          "Item2": "[1.8.1, )"
        }
      ]
    },
    "UiPath.MicrosoftVision.Activities": {
      "Id": "UiPath.MicrosoftVision.Activities",
      "Version": "2.1.0",
      "Dependencies": [
        {
          "Item1": "Microsoft.Azure.CognitiveServices.Vision.ComputerVision",
          "Item2": "[5.0.0, )"
        },
        {
          "Item1": "Microsoft.Rest.ClientRuntime",
          "Item2": "[2.3.20, )"
        },
        {
          "Item1": "Microsoft.Rest.ClientRuntime.Azure",
          "Item2": "[3.3.19, )"
        },
        {
          "Item1": "Newtonsoft.Json",
          "Item2": "[10.0.3, )"
        }
      ]
    },
    "UiPath.OCR.Contracts": {
      "Id": "UiPath.OCR.Contracts",
      "Version": "2.2.1",
      "Dependencies": []
    },
    "UiPath.PDF.Activities": {
      "Id": "UiPath.PDF.Activities",
      "Version": "3.1.0",
      "Dependencies": [
        {
          "Item1": "UiPath.OCR.Contracts",
          "Item2": "[1.0.0, )"
        },
        {
          "Item1": "System.ValueTuple",
          "Item2": "[4.5.0, )"
        },
        {
          "Item1": "BitMiracle.Docotic.Pdf",
          "Item2": "[5.10.9957, )"
        }
      ]
    },
    "UiPath.Python.Activities": {
      "Id": "UiPath.Python.Activities",
      "Version": "1.1.6863.33404",
      "Dependencies": []
    },
    "UiPath.System.Activities": {
      "Id": "UiPath.System.Activities",
      "Version": "18.4.1",
      "Dependencies": [
        {
          "Item1": "CsvHelper",
          "Item2": "[2.13.5, )"
        },
        {
          "Item1": "Microsoft.Rest.ClientRuntime",
          "Item2": "[2.3.10, )"
        },
        {
          "Item1": "Newtonsoft.Json",
          "Item2": "[10.0.3, )"
        }
      ]
    },
    "UiPath.UIAutomation.Activities": {
      "Id": "UiPath.UIAutomation.Activities",
      "Version": "18.4.1",
      "Dependencies": [
        {
          "Item1": "AvalonEdit",
          "Item2": "[5.0.3, )"
        },
        {
          "Item1": "Caliburn.Micro",
          "Item2": "[3.0.1, )"
        },
        {
          "Item1": "Extended.Wpf.Toolkit",
          "Item2": "[2.8.0, )"
        },
        {
          "Item1": "Humanizer.Core",
          "Item2": "[2.4.2, )"
        },
        {
          "Item1": "UiPath.Vision",
          "Item2": "[1.2.0, )"
        },
        {
          "Item1": "UiPath",
          "Item2": "[10.0.6913.22031, )"
        }
      ]
    },
    "UiPath.Vision": {
      "Id": "UiPath.Vision",
      "Version": "1.8.1",
      "Dependencies": [
        {
          "Item1": "UiPath.OCR.Contracts",
          "Item2": "[2.2.1, )"
        }
      ]
    },
    "UiPathTeam.PDF.Extensions.Activities": {
      "Id": "UiPathTeam.PDF.Extensions.Activities",
      "Version": "2.4.0",
      "Dependencies": [
        {
          "Item1": "PDFsharp",
          "Item2": "[1.50.5147, )"
        }
      ]
    },
    "UiPathTeam.SharePoint.Activities": {
      "Id": "UiPathTeam.SharePoint.Activities",
      "Version": "1.3.0",
      "Dependencies": [
        {
          "Item1": "Microsoft.SharePoint2016.CSOM",
          "Item2": "[16.0.0, )"
        }
      ]
    }
  }
}